id,full_name,id_in_br,full_name_in_br,team,br_team,season,salary
1629027,Trae Young,youngtr01,Trae Young,ATL,ATL,2022-23,37096500.0
1628381,John Collins,collijo01,John Collins,ATL,ATL,2022-23,23500000.0
203991,Clint Capela,capelca01,Clint Capela,ATL,ATL,2022-23,18706897.0
203992,Bogdan Bogdanović,bogdabo01,Bogdan BogdanoviÄ,ATL,ATL,2022-23,18000000.0
1627749,Dejounte Murray,murrade01,Dejounte Murray,ATL,ATL,2022-23,16571120.0
1629631,De'Andre Hunter,huntede01,De'Andre Hunter,ATL,ATL,2022-23,9835881.0
1630168,Onyeka Okongwu,okongon01,Onyeka Okongwu,ATL,ATL,2022-23,6395160.0
1631100,AJ Griffin,griffaj01,AJ Griffin,ATL,ATL,2022-23,3536160.0
1630180,Saddiq Bey,beysa01,Saddiq Bey,ATL,ATL,2022-23,2959080.0
1630552,Jalen Johnson,johnsja05,Jalen Johnson,ATL,ATL,2022-23,2792640.0
1628981,Bruno Fernando,fernabr01,Bruno Fernando,ATL,ATL,2022-23,2717391.0
1629726,Garrison Mathews,mathega01,Garrison Mathews,ATL,ATL,2022-23,2000000.0
1628988,Aaron Holiday,holidaa01,Aaron Holiday,ATL,ATL,2022-23,1836090.0
1630249,Vít Krejčí,krejcvi01,Vit Krejci,ATL,ATL,2022-23,1563518.0
1631213,Tyrese Martin,martity01,Tyrese Martin,ATL,ATL,2022-23,1017781.0
202324,Derrick Favors,favorde01,Derrick Favors,ATL,ATL,2022-23,105522.0
1630536,Sharife Cooper,coopesh01,Sharife Cooper,ATL,ATL,2022-23,
1630235,Trent Forrest,forretr01,Trent Forrest,ATL,ATL,2022-23,
1629633,Jarrett Culver,culveja01,Jarrett Culver,ATL,ATL,2022-23,
1631495,Donovan Williams,willido02,Donovan Williams,ATL,ATL,2022-23,
1628369,Jayson Tatum,tatumja01,Jayson Tatum,BOS,BOS,2022-23,30351780.0
1627759,Jaylen Brown,brownja02,Jaylen Brown,BOS,BOS,2022-23,28741071.0
201143,Al Horford,horfoal01,Al Horford,BOS,BOS,2022-23,26500000.0
1627763,Malcolm Brogdon,brogdma01,Malcolm Brogdon,BOS,BOS,2022-23,22600000.0
203935,Marcus Smart,smartma01,Marcus Smart,BOS,BOS,2022-23,17457142.0
1628401,Derrick White,whitede01,Derrick White,BOS,BOS,2022-23,16892857.0
1629057,Robert Williams III,williro04,Robert Williams,BOS,BOS,2022-23,10937502.0
201568,Danilo Gallinari,gallida01,Danilo Gallinari,BOS,BOS,2022-23,6479000.0
1629684,Grant Williams,willigr01,Grant Williams,BOS,BOS,2022-23,4306281.0
203488,Mike Muscala,muscami01,Mike Muscala,BOS,BOS,2022-23,3500000.0
1630202,Payton Pritchard,pritcpa01,Payton Pritchard,BOS,BOS,2022-23,2239200.0
1628436,Luke Kornet,kornelu01,Luke Kornet,BOS,BOS,2022-23,2133278.0
201933,Blake Griffin,griffbl01,Blake Griffin,BOS,BOS,2022-23,1836090.0
1630573,Sam Hauser,hausesa01,Sam Hauser,BOS,BOS,2022-23,1637966.0
1627743,Demetrius Jackson,jacksde01,Demetrius Jackson,BOS,BOS,2022-23,92857.0
1630551,Justin Champagnie,champju01,Justin Champagnie,BOS,BOS,2022-23,28241.0
1631120,JD Davison,davisjd01,JD Davison,BOS,BOS,2022-23,
1629662,Mfiondu Kabengele,kabenmf01,Mfiondu Kabengele,BOS,BOS,2022-23,
1627732,Ben Simmons,simmobe01,Ben Simmons,BKN,BRK,2022-23,35448672.0
1628969,Mikal Bridges,bridgmi01,Mikal Bridges,BKN,BRK,2022-23,20100000.0
203915,Spencer Dinwiddie,dinwisp01,Spencer Dinwiddie,BKN,BRK,2022-23,19500000.0
203925,Joe Harris,harrijo01,Joe Harris,BKN,BRK,2022-23,18642857.0
1627827,Dorian Finney-Smith,finnedo01,Dorian Finney-Smith,BKN,BRK,2022-23,12939848.0
1626220,Royce O'Neale,onealro01,Royce O'Neale,BKN,BRK,2022-23,9200000.0
1629651,Nic Claxton,claxtni01,Nic Claxton,BKN,BRK,2022-23,8500000.0
203552,Seth Curry,curryse01,Seth Curry,BKN,BRK,2022-23,8496653.0
201988,Patty Mills,millspa02,Patty Mills,BKN,BRK,2022-23,6479000.0
1629661,Cameron Johnson,johnsca02,Cameron Johnson,BKN,BRK,2022-23,5887899.0
1628975,Jevon Carter,carteje01,Jevon Carter,MIL,BRK,2022-23,3925000.0
1630560,Cam Thomas,thomaca02,Cam Thomas,BKN,BRK,2022-23,2138160.0
1630549,Day'Ron Sharpe,sharpda01,Day'Ron Sharpe,BKN,BRK,2022-23,2109480.0
1628410,Edmond Sumner,sumneed01,Edmond Sumner,BKN,BRK,2022-23,1968175.0
1629139,Yuta Watanabe,watanyu01,Yuta Watanabe,BKN,BRK,2022-23,1836090.0
1629650,Moses Brown,brownmo01,Moses Brown,BKN,BRK,2022-23,105522.0
203457,Nerlens Noel,noelne01,Nerlens Noel,BKN,BRK,2022-23,105522.0
1630561,David Duke Jr.,dukeda01,David Duke,BKN,BRK,2022-23,28241.0
1630696,Dru Smith,smithdr01,Dru Smith,BKN,BRK,2022-23,
1630564,RaiQuan Gray,grayra01,RaiQuan Gray,BKN,BRK,2022-23,
1631214,Alondes Williams,willial06,Alondes Williams,BKN,BRK,2022-23,
202330,Gordon Hayward,haywago01,Gordon Hayward,CHA,CHO,2022-23,30075000.0
1626179,Terry Rozier,roziete01,Terry Rozier,CHA,CHO,2022-23,21486316.0
1626162,Kelly Oubre Jr.,oubreke01,Kelly Oubre,CHA,CHO,2022-23,12600000.0
202704,Reggie Jackson,jacksre01,Reggie Jackson,DEN,CHO,2022-23,10876844.0
201587,Nicolas Batum,batumni01,Nicolas Batum,LAC,CHO,2022-23,8856969.0
1630163,LaMelo Ball,ballla01,LaMelo Ball,CHA,CHO,2022-23,8623920.0
1628998,Cody Martin,martico01,Cody Martin,CHA,CHO,2022-23,7000000.0
1629023,P.J. Washington,washipj01,P.J. Washington,CHA,CHO,2022-23,5808435.0
1630547,James Bouknight,bouknja01,James Bouknight,CHA,CHO,2022-23,4362240.0
1631109,Mark Williams,willima07,Mark Williams,CHA,CHO,2022-23,3722040.0
1630539,Kai Jones,joneska01,Kai Jones,CHA,CHO,2022-23,2909040.0
1629004,Svi Mykhailiuk,mykhasv01,Svi Mykhailiuk,CHA,CHO,2022-23,1836090.0
1628372,Dennis Smith Jr.,smithde03,Dennis Smith,CHA,CHO,2022-23,1836090.0
1630208,Nick Richards,richani01,Nick Richards,CHA,CHO,2022-23,1782621.0
1630550,JT Thor,thorjt01,JT Thor,CHA,CHO,2022-23,1563518.0
1631121,Bryce McGowens,mcgowbr01,Bryce McGowens,CHA,CHO,2022-23,1075000.0
1630270,Xavier Sneed,sneedxa01,Xavier Sneed,CHA,CHO,2022-23,94136.0
1628424,Kobi Simmons,simmoko01,Kobi Simmons,CHA,CHO,2022-23,32795.0
1630177,Theo Maledon,maledth01,ThÃ©o Maledon,CHA,CHO,2022-23,
203897,Zach LaVine,lavinza01,Zach LaVine,CHI,CHI,2022-23,37096500.0
201942,DeMar DeRozan,derozde01,DeMar DeRozan,CHI,CHI,2022-23,27300000.0
202696,Nikola Vučević,vucevni01,Nikola VuÄeviÄ,CHI,CHI,2022-23,22000000.0
1628366,Lonzo Ball,balllo01,Lonzo Ball,CHI,CHI,2022-23,19534884.0
1627936,Alex Caruso,carusal01,Alex Caruso,CHI,CHI,2022-23,9030000.0
1630172,Patrick Williams,willipa01,Patrick Williams,CHI,CHI,2022-23,7775400.0
1629632,Coby White,whiteco01,Coby White,CHI,CHI,2022-23,7413955.0
203083,Andre Drummond,drumman01,Andre Drummond,CHI,CHI,2022-23,3200000.0
1627884,Derrick Jones Jr.,jonesde02,Derrick Jones,CHI,CHI,2022-23,3200000.0
1631207,Dalen Terry,terryda01,Dalen Terry,CHI,CHI,2022-23,3191400.0
1628396,Tony Bradley,bradlto01,Tony Bradley,CHI,CHI,2022-23,2036318.0
201609,Goran Dragic,dragigo01,Goran DragiÄ,MIL,CHI,2022-23,1836090.0
1629750,Javonte Green,greenja02,Javonte Green,CHI,CHI,2022-23,1815677.0
1630250,Marko Simonovic,simonma01,Marko Simonovic,CHI,CHI,2022-23,1563518.0
1630245,Ayo Dosunmu,dosunay01,Ayo Dosunmu,CHI,CHI,2022-23,1563518.0
201976,Patrick Beverley,beverpa01,Patrick Beverley,CHI,CHI,2022-23,506508.0
1630637,Carlik Jones,jonesca03,Carlik Jones,CHI,CHI,2022-23,357717.0
,未知,lewisju02,Justin Lewis,CHI,CHI,2022-23,
1630792,Malcolm Hill,hillma01,Malcolm Hill,CHI,CHI,2022-23,
1628961,Kostas Antetokounmpo,antetko01,Kostas Antetokounmpo,CHI,CHI,2022-23,
1630678,Terry Taylor,taylote01,Terry Taylor,CHI,CHI,2022-23,
1628378,Donovan Mitchell,mitchdo01,Donovan Mitchell,CLE,CLE,2022-23,30913750.0
201567,Kevin Love,loveke01,Kevin Love,MIA,CLE,2022-23,27442830.0
1628386,Jarrett Allen,allenja01,Jarrett Allen,CLE,CLE,2022-23,20000000.0
1627747,Caris LeVert,leverca01,Caris LeVert,CLE,CLE,2022-23,18796296.0
1629636,Darius Garland,garlada01,Darius Garland,CLE,CLE,2022-23,8920795.0
1630596,Evan Mobley,mobleev01,Evan Mobley,CLE,CLE,2022-23,8478720.0
1626224,Cedi Osman,osmande01,Cedi Osman,CLE,CLE,2022-23,7426088.0
1630171,Isaac Okoro,okorois01,Isaac Okoro,CLE,CLE,2022-23,7040880.0
201937,Ricky Rubio,rubiori01,Ricky Rubio,CLE,CLE,2022-23,5853659.0
1629685,Dylan Windler,windldy01,Dylan Windler,CLE,CLE,2022-23,4037278.0
201980,Danny Green,greenda02,Danny Green,CLE,CLE,2022-23,2000000.0
1629731,Dean Wade,wadede01,Dean Wade,CLE,CLE,2022-23,1930681.0
203526,Raul Neto,netora01,Raul Neto,CLE,CLE,2022-23,1836090.0
201577,Robin Lopez,lopezro01,Robin Lopez,CLE,CLE,2022-23,1836090.0
1630205,Lamar Stevens,stevela01,Lamar Stevens,CLE,CLE,2022-23,1782621.0
1630241,Sam Merrill,merrisa01,Sam Merrill,CLE,CLE,2022-23,850000.0
1630600,Isaiah Mobley,mobleis01,Isaiah Mobley,CLE,CLE,2022-23,
1630612,Ruben Nembhard Jr.,nembhrj01,RJ Nembhard,CLE,CLE,2022-23,
1629603,Mamadi Diakite,diakima01,Mamadi Diakite,CLE,CLE,2022-23,
1629712,Didi Louzada,louzama01,Marcos Louzada Silva,CLE,CLE,2022-23,
202681,Kyrie Irving,irvinky01,Kyrie Irving,DAL,DAL,2022-23,38917057.0
1629029,Luka Dončić,doncilu01,Luka DonÄiÄ,DAL,DAL,2022-23,37096500.0
203501,Tim Hardaway Jr.,hardati02,Tim Hardaway,DAL,DAL,2022-23,19602273.0
202722,Dāvis Bertāns,bertada01,DÄvis BertÄns,DAL,DAL,2022-23,16000000.0
1626174,Christian Wood,woodch01,Christian Wood,DAL,DAL,2022-23,14317459.0
203939,Dwight Powell,poweldw01,Dwight Powell,DAL,DAL,2022-23,11080125.0
203493,Reggie Bullock Jr.,bullore01,Reggie Bullock,DAL,DAL,2022-23,10012800.0
1628467,Maxi Kleber,klebima01,Maxi Kleber,DAL,DAL,2022-23,9000000.0
201580,JaVale McGee,mcgeeja01,JaVale McGee,DAL,DAL,2022-23,5461219.0
1630182,Josh Green,greenjo02,Josh Green,DAL,DAL,2022-23,3098400.0
1628373,Frank Ntilikina,ntilila01,Frank Ntilikina,DAL,DAL,2022-23,2036318.0
1629033,Theo Pinson,pinsoth01,Theo Pinson,DAL,DAL,2022-23,1836090.0
202693,Markieff Morris,morrima02,Markieff Morris,DAL,DAL,2022-23,1836090.0
1630702,Jaden Hardy,hardyja02,Jaden Hardy,DAL,DAL,2022-23,1017781.0
202689,Kemba Walker,walkeke02,Kemba Walker,DAL,DAL,2022-23,684712.0
203200,Justin Holiday,holidju01,Justin Holiday,DAL,DAL,2022-23,569821.0
1630267,Facundo Campazzo,campafa01,Facundo Campazzo,DAL,DAL,2022-23,464299.0
1629735,Chris Silva,silvach01,Chris Silva,DAL,DAL,2022-23,105522.0
1628416,Tyler Dorsey,dorsety01,Tyler Dorsey,DAL,DAL,2022-23,
1630593,McKinley Wright IV,wrighmc01,McKinley Wright,DAL,DAL,2022-23,
1630639,A.J. Lawson,lawsoaj01,A.J. Lawson,DAL,DAL,2022-23,
203999,Nikola Jokić,jokicni01,Nikola JokiÄ,DEN,DEN,2022-23,33047803.0
1627750,Jamal Murray,murraja01,Jamal Murray,DEN,DEN,2022-23,31650600.0
1629008,Michael Porter Jr.,portemi01,Michael Porter,DEN,DEN,2022-23,30913750.0
203932,Aaron Gordon,gordoaa01,Aaron Gordon,DEN,DEN,2022-23,19690909.0
203484,Kentavious Caldwell-Pope,caldwke01,Kentavious Caldwell-Pope,DEN,DEN,2022-23,14004703.0
1628971,Bruce Brown,brownbr01,Bruce Brown,DEN,DEN,2022-23,6479000.0
202397,Ish Smith,smithis01,Ish Smith,DEN,DEN,2022-23,4725000.0
201145,Jeff Green,greenje02,Jeff Green,DEN,DEN,2022-23,4500000.0
1631128,Christian Braun,braunch01,Christian Braun,DEN,DEN,2022-23,2808600.0
1630192,Zeke Nnaji,nnajize01,Zeke Nnaji,DEN,DEN,2022-23,2617800.0
1628427,Vlatko Čančar,cancavl01,Vlatko ÄanÄar,DEN,DEN,2022-23,2234359.0
1631212,Peyton Watson,watsope01,Peyton Watson,DEN,DEN,2022-23,2193960.0
1628418,Thomas Bryant,bryanth01,Thomas Bryant,DEN,DEN,2022-23,1836090.0
201599,DeAndre Jordan,jordade01,DeAndre Jordan,DEN,DEN,2022-23,1836090.0
202704,Reggie Jackson,jacksre01,Reggie Jackson,DEN,DEN,2022-23,580373.0
1631221,Collin Gillespie,gilleco01,Collin Gillespie,DEN,DEN,2022-23,
1631298,Jack White,whiteja03,Jack White,DEN,DEN,2022-23,
202711,Bojan Bogdanović,bogdabo02,Bojan BogdanoviÄ,DET,DET,2022-23,19550000.0
1628963,Marvin Bagley III,baglema01,Marvin Bagley,DET,DET,2022-23,12500000.0
1630595,Cade Cunningham,cunnica01,Cade Cunningham,DET,DET,2022-23,10552800.0
202692,Alec Burks,burksal01,Alec Burks,DET,DET,2022-23,10012800.0
1630164,James Wiseman,wisemja01,James Wiseman,DET,DET,2022-23,9603360.0
203457,Nerlens Noel,noelne01,Nerlens Noel,BKN,DET,2022-23,9240000.0
202689,Kemba Walker,walkeke02,Kemba Walker,DAL,DET,2022-23,9165471.0
201599,DeAndre Jordan,jordade01,DeAndre Jordan,DEN,DET,2022-23,7827907.0
1631093,Jaden Ivey,iveyja01,Jaden Ivey,DET,DET,2022-23,7252200.0
1630165,Killian Hayes,hayeski01,Killian Hayes,DET,DET,2022-23,5837760.0
1628977,Hamidou Diallo,diallha01,Hamidou Diallo,DET,DET,2022-23,5200000.0
202709,Cory Joseph,josepco01,Cory Joseph,DET,DET,2022-23,5155500.0
1631105,Jalen Duren,durenja01,Jalen Duren,DET,DET,2022-23,4124280.0
1630191,Isaiah Stewart,stewais01,Isaiah Stewart,DET,DET,2022-23,3433320.0
203473,Dewayne Dedmon,dedmode01,Dewayne Dedmon,PHI,DET,2022-23,2748674.0
203585,Rodney McGruder,mcgruro01,Rodney McGruder,DET,DET,2022-23,1836090.0
1630587,Isaiah Livers,liveris01,Isaiah Livers,DET,DET,2022-23,1563518.0
1630181,R.J. Hampton,hamptrj01,R.J. Hampton,DET,DET,2022-23,485403.0
1630647,Eugene Omoruyi,omorueu01,Eugene Omoruyi,DET,DET,2022-23,269445.0
1630649,Stanley Umude,umudest01,Stanley Umude,DET,DET,2022-23,58493.0
1631205,Buddy Boeheim,boehebu01,Buddy Boeheim,DET,DET,2022-23,
1630296,Braxton Key,keybr01,Braxton Key,DET,DET,2022-23,
1631197,Jared Rhoden,rhodeja01,Jared Rhoden,DET,DET,2022-23,
201939,Stephen Curry,curryst01,Stephen Curry,GSW,GSW,2022-23,48070014.0
202691,Klay Thompson,thompkl01,Klay Thompson,GSW,GSW,2022-23,40600080.0
203952,Andrew Wiggins,wiggian01,Andrew Wiggins,GSW,GSW,2022-23,33616770.0
203110,Draymond Green,greendr01,Draymond Green,GSW,GSW,2022-23,25806468.0
1627780,Gary Payton II,paytoga02,Gary Payton,GSW,GSW,2022-23,8300000.0
1626172,Kevon Looney,looneke01,Kevon Looney,GSW,GSW,2022-23,8000000.0
1630228,Jonathan Kuminga,kuminjo01,Jonathan Kuminga,GSW,GSW,2022-23,5739840.0
1628978,Donte DiVincenzo,divindo01,Donte DiVincenzo,GSW,GSW,2022-23,4500000.0
1629673,Jordan Poole,poolejo01,Jordan Poole,GSW,GSW,2022-23,3901399.0
1630541,Moses Moody,moodymo01,Moses Moody,GSW,GSW,2022-23,3740160.0
1631116,Patrick Baldwin Jr.,baldwpa01,Patrick Baldwin,GSW,GSW,2022-23,2226000.0
203210,JaMychal Green,greenja01,JaMychal Green,GSW,GSW,2022-23,1836090.0
2738,Andre Iguodala,iguodan01,Andre Iguodala,GSW,GSW,2022-23,1836090.0
1631157,Ryan Rollins,rolliry01,Ryan Rollins,GSW,GSW,2022-23,1017781.0
1630237,Anthony Lamb,lamban01,Anthony Lamb,GSW,GSW,2022-23,253254.0
1631311,Lester Quinones,quinole01,Lester Quinones,GSW,GSW,2022-23,58493.0
1629683,Quinndary Weatherspoon,weathqu01,Quinndary Weatherspoon,GSW,GSW,2022-23,
1629660,Ty Jerome,jeromty01,Ty Jerome,GSW,GSW,2022-23,
202322,John Wall,walljo01,John Wall,LAC,HOU,2022-23,40866760.0
202324,Derrick Favors,favorde01,Derrick Favors,HOU,HOU,2022-23,10183800.0
201980,Danny Green,greenda02,Danny Green,CLE,HOU,2022-23,9710528.0
1630224,Jalen Green,greenja05,Jalen Green,HOU,HOU,2022-23,9441840.0
1631095,Jabari Smith Jr.,smithja05,Jabari Smith,HOU,HOU,2022-23,8882640.0
1630256,Jae'Sean Tate,tateja01,Jae'Sean Tate,HOU,HOU,2022-23,7065217.0
203200,Justin Holiday,holidju01,Justin Holiday,DAL,HOU,2022-23,6292440.0
203090,Maurice Harkless,harklma01,Maurice Harkless,HOU,HOU,2022-23,4564980.0
1629660,Ty Jerome,jeromty01,Ty Jerome,GSW,HOU,2022-23,4220057.0
1626246,Boban Marjanović,marjabo01,Boban MarjanoviÄ,HOU,HOU,2022-23,3500000.0
1630578,Alperen Sengun,sengual01,Alperen ÅengÃ¼n,HOU,HOU,2022-23,3375360.0
1631106,Tari Eason,easonta01,Tari Eason,HOU,HOU,2022-23,3359160.0
1629645,Kevin Porter Jr.,porteke02,Kevin Porter,HOU,HOU,2022-23,3217631.0
1630586,Usman Garuba,garubus01,Usman Garuba,HOU,HOU,2022-23,2471160.0
1630528,Josh Christopher,chrisjo01,Josh Christopher,HOU,HOU,2022-23,2372160.0
1631102,TyTy Washington Jr.,washity02,TyTy Washington,HOU,HOU,2022-23,2210040.0
1630177,Theo Maledon,maledth01,ThÃ©o Maledon,CHA,HOU,2022-23,1900000.0
1626163,Frank Kaminsky,kaminfr01,Frank Kaminsky,HOU,HOU,2022-23,1836090.0
1630231,KJ Martin,martike04,Kenyon Martin,HOU,HOU,2022-23,1782621.0
1630227,Daishen Nix,nixda01,Daishen Nix,HOU,HOU,2022-23,1563518.0
201571,D.J. Augustin,augusdj01,D.J. Augustin,HOU,HOU,2022-23,333333.0
1627786,Troy Williams,willitr02,Troy Williams,HOU,HOU,2022-23,122741.0
1626161,Willie Cauley-Stein,caulewi01,Willie Cauley-Stein,HOU,HOU,2022-23,105522.0
1628981,Bruno Fernando,fernabr01,Bruno Fernando,ATL,HOU,2022-23,
1630620,Darius Days,daysda01,Darius Days,HOU,HOU,2022-23,
1631309,Trevor Hudgins,hudgitr01,Trevor Hudgins,HOU,HOU,2022-23,
1626167,Myles Turner,turnemy01,Myles Turner,IND,IND,2022-23,35069500.0
1627741,Buddy Hield,hieldbu01,Buddy Hield,IND,IND,2022-23,21177750.0
1628464,Daniel Theis,theisda01,Daniel Theis,IND,IND,2022-23,8694369.0
204456,T.J. McConnell,mccontj01,T.J. McConnell,IND,IND,2022-23,8100000.0
1631097,Bennedict Mathurin,mathube01,Bennedict Mathurin,IND,IND,2022-23,6586800.0
1629048,Goga Bitadze,bitadgo01,Goga Bitadze,ORL,IND,2022-23,4765339.0
1630188,Jalen Smith,smithja04,Jalen Smith,IND,IND,2022-23,4670160.0
1630169,Tyrese Haliburton,halibty01,Tyrese Haliburton,IND,IND,2022-23,4215120.0
201588,George Hill,hillge01,George Hill,IND,IND,2022-23,4000000.0
1630537,Chris Duarte,duartch01,Chris Duarte,IND,IND,2022-23,3936960.0
1630174,Aaron Nesmith,nesmiaa01,Aaron Nesmith,IND,IND,2022-23,3804360.0
1629670,Jordan Nwora,nworajo01,Jordan Nwora,IND,IND,2022-23,2800000.0
1630543,Isaiah Jackson,jacksis01,Isaiah Jackson,IND,IND,2022-23,2573760.0
1629614,Andrew Nembhard,nembhan01,Andrew Nembhard,IND,IND,2022-23,2244111.0
1629052,Oshae Brissett,brissos01,Oshae Brissett,IND,IND,2022-23,1846738.0
201586,Serge Ibaka,ibakase01,Serge Ibaka,MIL,IND,2022-23,1836090.0
201949,James Johnson,johnsja01,James Johnson,IND,IND,2022-23,1836090.0
1630678,Terry Taylor,taylote01,Terry Taylor,CHI,IND,2022-23,1563518.0
203917,Nik Stauskas,stausni01,Nik Stauskas,IND,IND,2022-23,702311.0
1629752,Juwan Morgan,morgaju01,Juwan Morgan,IND,IND,2022-23,576230.0
1630238,Malik Fitts,fittsma01,Malik Fitts,IND,IND,2022-23,555217.0
1630243,Trevelin Queen,queentr01,Trevelin Queen,IND,IND,2022-23,
1631112,Kendall Brown,brownke03,Kendall Brown,IND,IND,2022-23,
1628221,Gabe York,yorkga01,Gabe York,IND,IND,2022-23,
202695,Kawhi Leonard,leonaka01,Kawhi Leonard,LAC,LAC,2022-23,42492492.0
202331,Paul George,georgpa01,Paul George,LAC,LAC,2022-23,42492492.0
201569,Eric Gordon,gordoer01,Eric Gordon,LAC,LAC,2022-23,19568360.0
1626181,Norman Powell,powelno01,Norman Powell,LAC,LAC,2022-23,16758621.0
202694,Marcus Morris Sr.,morrima03,Marcus Morris,LAC,LAC,2022-23,16372093.0
203496,Robert Covington,covinro01,Robert Covington,LAC,LAC,2022-23,12307692.0
201587,Nicolas Batum,batumni01,Nicolas Batum,LAC,LAC,2022-23,10843350.0
1627826,Ivica Zubac,zubaciv01,Ivica Zubac,LAC,LAC,2022-23,10123457.0
203486,Mason Plumlee,plumlma01,Mason Plumlee,LAC,LAC,2022-23,9080417.0
1629599,Amir Coffey,coffeam01,Amir Coffey,LAC,LAC,2022-23,3395062.0
1630538,Bones Hyland,hylanbo01,Bones Hyland,LAC,LAC,2022-23,2201520.0
1629611,Terance Mann,mannte01,Terance Mann,LAC,LAC,2022-23,1930681.0
1630527,Brandon Boston,bostobr01,Brandon Boston,LAC,LAC,2022-23,1563518.0
1630554,Jason Preston,prestja01,Jason Preston,LAC,LAC,2022-23,1563518.0
201566,Russell Westbrook,westbru01,Russell Westbrook,LAC,LAC,2022-23,495955.0
1631217,Moussa Diabaté,diabamo01,Moussa DiabatÃ©,LAC,LAC,2022-23,
1629650,Moses Brown,brownmo01,Moses Brown,BKN,LAC,2022-23,
1630268,Nate Darling,darlina01,Nate Darling,LAC,LAC,2022-23,
1630811,Keaton Wallace,wallake01,Keaton Wallace,LAC,LAC,2022-23,
1629875,Xavier Moon,moonxa01,Xavier Moon,LAC,LAC,2022-23,
2544,LeBron James,jamesle01,LeBron James,LAL,LAL,2022-23,44474988.0
203076,Anthony Davis,davisan02,Anthony Davis,LAL,LAL,2022-23,37980720.0
1626156,D'Angelo Russell,russeda01,D'Angelo Russell,LAL,LAL,2022-23,31377750.0
1627736,Malik Beasley,beaslma01,Malik Beasley,LAL,LAL,2022-23,15558035.0
1628964,Mo Bamba,bambamo01,Mohamed Bamba,LAL,LAL,2022-23,10300000.0
1629022,Lonnie Walker IV,walkelo01,Lonnie Walker,LAL,LAL,2022-23,6479000.0
1629060,Rui Hachimura,hachiru01,Rui Hachimura,LAL,LAL,2022-23,6263188.0
1629020,Jarred Vanderbilt,vandeja01,Jarred Vanderbilt,LAL,LAL,2022-23,4374000.0
1628432,Davon Reed,reedda01,Davon Reed,LAL,LAL,2022-23,1902133.0
1629117,Wenyen Gabriel,gabriwe01,Wenyen Gabriel,LAL,LAL,2022-23,1878720.0
1628972,Troy Brown Jr.,browntr01,Troy Brown,LAL,LAL,2022-23,1836090.0
203471,Dennis Schröder,schrode01,Dennis SchrÃ¶der,LAL,LAL,2022-23,1836090.0
1630559,Austin Reaves,reaveau01,Austin Reaves,LAL,LAL,2022-23,1563518.0
1631108,Max Christie,chrisma02,Max Christie,LAL,LAL,2022-23,1017781.0
1630346,Matt Ryan,ryanma01,Matt Ryan,MIN,LAL,2022-23,442439.0
1628425,Sterling Brown,brownst02,Sterling Brown,LAL,LAL,2022-23,105522.0
1627885,Shaquille Harrison,harrish01,Shaquille Harrison,LAL,LAL,2022-23,12260.0
202684,Tristan Thompson,thomptr01,Tristan Thompson,LAL,LAL,2022-23,10552.0
1630590,Scotty Pippen Jr.,pippesc02,Scotty Pippen,LAL,LAL,2022-23,
1631306,Cole Swider,swideco01,Cole Swider,LAL,LAL,2022-23,
1628991,Jaren Jackson Jr.,jacksja02,Jaren Jackson,MEM,MEM,2022-23,28946605.0
203500,Steven Adams,adamsst01,Steven Adams,MEM,MEM,2022-23,17926829.0
1626145,Tyus Jones,jonesty01,Tyus Jones,MEM,MEM,2022-23,15000000.0
1628379,Luke Kennard,kennalu01,Luke Kennard,MEM,MEM,2022-23,14415545.0
1629630,Ja Morant,moranja01,Ja Morant,MEM,MEM,2022-23,12119440.0
1628415,Dillon Brooks,brookdi01,Dillon Brooks,MEM,MEM,2022-23,11400000.0
1630533,Ziaire Williams,willizi02,Ziaire Williams,MEM,MEM,2022-23,4591680.0
1629634,Brandon Clarke,clarkbr01,Brandon Clarke,MEM,MEM,2022-23,4343920.0
1631222,Jake LaRavia,laravja01,Jake LaRavia,MEM,MEM,2022-23,3047640.0
1631223,David Roddy,roddyda01,David Roddy,MEM,MEM,2022-23,2588640.0
1629723,John Konchar,konchjo01,John Konchar,MEM,MEM,2022-23,2300000.0
1630217,Desmond Bane,banede01,Desmond Bane,MEM,MEM,2022-23,2130240.0
1630583,Santi Aldama,aldamsa01,Santi Aldama,MEM,MEM,2022-23,2094120.0
1629681,Killian Tillie,tilliki02,Killian Tillie,MEM,MEM,2022-23,1901625.0
1630214,Xavier Tillman,tillmxa01,Xavier Tillman,MEM,MEM,2022-23,1782621.0
1631113,Kennedy Chandler,chandke01,Kennedy Chandler,MEM,MEM,2022-23,1200000.0
1631254,Kenneth Lofton Jr.,loftoke01,Kenneth Lofton,MEM,MEM,2022-23,1000000.0
1631246,Vince Williams Jr.,willivi01,Vince Williams,MEM,MEM,2022-23,
1631367,Jacob Gilyard,gilyaja01,Jacob Gilyard,MEM,MEM,2022-23,
202710,Jimmy Butler III,butleji01,Jimmy Butler,MIA,MIA,2022-23,37653300.0
1628389,Bam Adebayo,adebaba01,Bam Adebayo,MIA,MIA,2022-23,30351780.0
200768,Kyle Lowry,lowryky01,Kyle Lowry,MIA,MIA,2022-23,28333334.0
1629130,Duncan Robinson,robindu01,Duncan Robinson,MIA,MIA,2022-23,16902000.0
203506,Victor Oladipo,oladivi01,Victor Oladipo,MIA,MIA,2022-23,8750000.0
1628997,Caleb Martin,martica02,Caleb Martin,MIA,MIA,2022-23,6479000.0
1629639,Tyler Herro,herroty01,Tyler Herro,MIA,MIA,2022-23,5722116.0
201567,Kevin Love,loveke01,Kevin Love,MIA,MIA,2022-23,3114138.0
1631107,Nikola Jović,jovicni01,Nikola JoviÄ,MIA,MIA,2022-23,2239920.0
2617,Udonis Haslem,hasleud01,Udonis Haslem,MIA,MIA,2022-23,1836090.0
1629216,Gabe Vincent,vincega01,Gabe Vincent,MIA,MIA,2022-23,1815677.0
1629622,Max Strus,strusma01,Max Strus,MIA,MIA,2022-23,1815677.0
1629312,Haywood Highsmith,highsha01,Haywood Highsmith,MIA,MIA,2022-23,1752638.0
1630209,Omer Yurtseven,yurtsom01,Omer Yurtseven,MIA,MIA,2022-23,1752638.0
203469,Cody Zeller,zelleco01,Cody Zeller,MIA,MIA,2022-23,517060.0
1631123,Jamaree Bouyea,bouyeja01,Jamaree Bouyea,WAS,MIA,2022-23,58493.0
1630585,Marcus Garrett,garrema01,Marcus Garrett,MIA,MIA,2022-23,
1631288,Jamal Cain,cainja01,Jamal Cain,MIA,MIA,2022-23,
1630696,Dru Smith,smithdr01,Dru Smith,BKN,MIA,2022-23,
1631115,Orlando Robinson,robinor01,Orlando Robinson,MIA,MIA,2022-23,
203507,Giannis Antetokounmpo,antetgi01,Giannis Antetokounmpo,MIL,MIL,2022-23,42492492.0
203114,Khris Middleton,middlkh01,Khris Middleton,MIL,MIL,2022-23,37948276.0
201950,Jrue Holiday,holidjr01,Jrue Holiday,MIL,MIL,2022-23,33665040.0
201572,Brook Lopez,lopezbr01,Brook Lopez,MIL,MIL,2022-23,13906976.0
1626171,Bobby Portis,portibo01,Bobby Portis,MIL,MIL,2022-23,10843350.0
203109,Jae Crowder,crowdja01,Jae Crowder,MIL,MIL,2022-23,10183800.0
1628960,Grayson Allen,allengr01,Grayson Allen,MIL,MIL,2022-23,8500000.0
204060,Joe Ingles,inglejo01,Joe Ingles,MIL,MIL,2022-23,6479000.0
1626192,Pat Connaughton,connapa01,Pat Connaughton,MIL,MIL,2022-23,5728393.0
1630699,MarJon Beauchamp,beaucma01,MarJon Beauchamp,MIL,MIL,2022-23,2485200.0
1628975,Jevon Carter,carteje01,Jevon Carter,MIL,MIL,2022-23,2100000.0
203648,Thanasis Antetokounmpo,antetth01,Thanasis Antetokounmpo,MIL,MIL,2022-23,1878720.0
202083,Wesley Matthews,matthwe02,Wesley Matthews,MIL,MIL,2022-23,1836090.0
201609,Goran Dragic,dragigo01,Goran DragiÄ,MIL,MIL,2022-23,390433.0
203086,Meyers Leonard,leoname01,Meyers Leonard,MIL,MIL,2022-23,284911.0
1631260,AJ Green,greenaj01,A.J. Green,MIL,MIL,2022-23,
1629623,Lindell Wigginton,wiggili01,Lindell Wigginton,MIL,MIL,2022-23,
203497,Rudy Gobert,goberru01,Rudy Gobert,MIN,MIN,2022-23,38172414.0
1626157,Karl-Anthony Towns,townska01,Karl-Anthony Towns,MIN,MIN,2022-23,33833400.0
201144,Mike Conley,conlemi01,Mike Conley,MIN,MIN,2022-23,22680000.0
1630162,Anthony Edwards,edwaran01,Anthony Edwards,MIN,MIN,2022-23,10733400.0
203937,Kyle Anderson,anderky01,Kyle Anderson,MIN,MIN,2022-23,8780488.0
1627752,Taurean Prince,princta02,Taurean Prince,MIN,MIN,2022-23,7295000.0
1629638,Nickeil Alexander-Walker,alexani01,Nickeil Alexander-Walker,MIN,MIN,2022-23,5009633.0
1631111,Wendell Moore Jr.,moorewe01,Wendell Moore,MIN,MIN,2022-23,2306520.0
1630183,Jaden McDaniels,mcdanja02,Jaden McDaniels,MIN,MIN,2022-23,2161440.0
1629162,Jordan McLaughlin,mclaujo01,Jordan McLaughlin,MIN,MIN,2022-23,2160000.0
1629675,Naz Reid,reidna01,Naz Reid,MIN,MIN,2022-23,1930681.0
1629669,Jaylen Nowell,nowelja01,Jaylen Nowell,MIN,MIN,2022-23,1930681.0
1627854,Bryn Forbes,forbebr01,Bryn Forbes,MIN,MIN,2022-23,1836090.0
203085,Austin Rivers,riverau01,Austin Rivers,MIN,MIN,2022-23,1836090.0
1630233,Nathan Knight,knighna01,Nathan Knight,MIN,MIN,2022-23,1836090.0
1631169,Josh Minott,minotjo01,Josh Minott,MIN,MIN,2022-23,1017781.0
1630639,A.J. Lawson,lawsoaj01,A.J. Lawson,DAL,MIN,2022-23,
1629672,Eric Paschall,pascher01,Eric Paschall,MIN,MIN,2022-23,
1630568,Luka Garza,garzalu01,Luka Garza,MIN,MIN,2022-23,
1630346,Matt Ryan,ryanma01,Matt Ryan,MIN,MIN,2022-23,
203468,CJ McCollum,mccolcj01,CJ McCollum,NOP,NOP,2022-23,33333333.0
1627742,Brandon Ingram,ingrabr01,Brandon Ingram,NOP,NOP,2022-23,31650600.0
202685,Jonas Valančiūnas,valanjo01,Jonas ValanÄiÅ«nas,NOP,NOP,2022-23,14700000.0
1629627,Zion Williamson,willizi01,Zion Williamson,NOP,NOP,2022-23,13534817.0
1626196,Josh Richardson,richajo01,Josh Richardson,NOP,NOP,2022-23,12196094.0
1626204,Larry Nance Jr.,nancela02,Larry Nance,NOP,NOP,2022-23,9672727.0
1629637,Jaxson Hayes,hayesja02,Jaxson Hayes,NOP,NOP,2022-23,6803012.0
1630700,Dyson Daniels,daniedy01,Dyson Daniels,NOP,NOP,2022-23,5508600.0
202066,Garrett Temple,templga01,Garrett Temple,NOP,NOP,2022-23,5155500.0
1630184,Kira Lewis Jr.,lewiski01,Kira Lewis,NOP,NOP,2022-23,4004280.0
1630530,Trey Murphy III,murphtr02,Trey Murphy,NOP,NOP,2022-23,3206520.0
1626195,Willy Hernangomez,hernawi01,Willy HernangÃ³mez,NOP,NOP,2022-23,2443581.0
1630529,Herbert Jones,joneshe01,Herbert Jones,NOP,NOP,2022-23,1785000.0
1630230,Naji Marshall,marshna01,Naji Marshall,NOP,NOP,2022-23,1782621.0
1630631,Jose Alvarado,alvarjo01,Jose Alvarado,NOP,NOP,2022-23,1563518.0
1631220,Dereon Seabron,seabrde01,Dereon Seabron,NOP,NOP,2022-23,
1631167,Izaiah Brockington,brockiz01,Izaiah Brockington,NOP,NOP,2022-23,
1631219,John Butler Jr.,butlejo01,John Butler,POR,NOP,2022-23,
1630604,E.J. Liddell,liddeej01,E.J. Liddell,NOP,NOP,2022-23,
1628973,Jalen Brunson,brunsja01,Jalen Brunson,NYK,NYK,2022-23,27733332.0
203944,Julius Randle,randlju01,Julius Randle,NYK,NYK,2022-23,23760000.0
203095,Evan Fournier,fournev01,Evan Fournier,NYK,NYK,2022-23,18000000.0
1629011,Mitchell Robinson,robinmi01,Mitchell Robinson,NYK,NYK,2022-23,17045454.0
201565,Derrick Rose,rosede01,Derrick Rose,NYK,NYK,2022-23,14520730.0
1628404,Josh Hart,hartjo01,Josh Hart,NYK,NYK,2022-23,12960000.0
1629628,RJ Barrett,barrerj01,RJ Barrett,NYK,NYK,2022-23,10900635.0
1628392,Isaiah Hartenstein,harteis01,Isaiah Hartenstein,NYK,NYK,2022-23,7804879.0
1630167,Obi Toppin,toppiob01,Obi Toppin,NYK,NYK,2022-23,5348280.0
1630193,Immanuel Quickley,quickim01,Immanuel Quickley,NYK,NYK,2022-23,2316240.0
1629656,Quentin Grimes,grimequ01,Quentin Grimes,NYK,NYK,2022-23,2277000.0
1630579,Jericho Sims,simsje01,Jericho Sims,NYK,NYK,2022-23,1639842.0
1630540,Miles McBride,mcbrimi01,Miles McBride,NYK,NYK,2022-23,1563518.0
1629676,Isaiah Roby,robyis01,Isaiah Roby,NYK,NYK,2022-23,400000.0
1629610,DaQuan Jeffries,jeffrda01,DaQuan Jeffries,NYK,NYK,2022-23,300000.0
1631211,Trevor Keels,keelstr01,Trevor Keels,NYK,NYK,2022-23,58493.0
1630624,Feron Hunt,huntfe01,Feron Hunt,NYK,NYK,2022-23,
1630613,Duane Washington Jr.,washidu02,Duane Washington,NYK,NYK,2022-23,
1629650,Moses Brown,brownmo01,Moses Brown,BKN,NYK,2022-23,
1628983,Shai Gilgeous-Alexander,gilgesh01,Shai Gilgeous-Alexander,OKC,OKC,2022-23,30913750.0
202689,Kemba Walker,walkeke02,Kemba Walker,DAL,OKC,2022-23,27431078.0
1629652,Luguentz Dort,dortlu01,Luguentz Dort,OKC,OKC,2022-23,15277778.0
1631096,Chet Holmgren,holmgch01,Chet Holmgren,OKC,OKC,2022-23,9891240.0
203967,Dario Šarić,saricda01,Dario Å ariÄ,OKC,OKC,2022-23,9240000.0
1630581,Josh Giddey,giddejo01,Josh Giddey,OKC,OKC,2022-23,6287400.0
203210,JaMychal Green,greenja01,JaMychal Green,GSW,OKC,2022-23,5571403.0
1628021,David Nwaba,nwabada01,David Nwaba,OKC,OKC,2022-23,5022000.0
1631172,Ousmane Dieng,diengou01,Ousmane Dieng,OKC,OKC,2022-23,4569840.0
1631114,Jalen Williams,willija06,Jalen Williams,OKC,OKC,2022-23,4341480.0
203504,Trey Burke,burketr01,Trey Burke,OKC,OKC,2022-23,3423750.0
1630197,Aleksej Pokusevski,pokusal01,Aleksej Pokusevski,OKC,OKC,2022-23,3261480.0
1630544,Tre Mann,manntr01,Tre Mann,OKC,OKC,2022-23,3046200.0
1628425,Sterling Brown,brownst02,Sterling Brown,LAL,OKC,2022-23,3000000.0
1627737,Marquese Chriss,chrisma01,Marquese Chriss,OKC,OKC,2022-23,2193920.0
1629026,Kenrich Williams,willike04,Kenrich Williams,OKC,OKC,2022-23,2000000.0
1631119,Jaylin Williams,willija07,Jaylin Williams,OKC,OKC,2022-23,2000000.0
1630526,Jeremiah Robinson-Earl,robinje02,Jeremiah Robinson-Earl,OKC,OKC,2022-23,2000000.0
1630322,Lindy Waters III,waterli01,Lindy Waters,OKC,OKC,2022-23,1927896.0
1630198,Isaiah Joe,joeis01,Isaiah Joe,OKC,OKC,2022-23,1836090.0
1628382,Justin Jackson,jacksju01,Justin Jackson,BOS,OKC,2022-23,1836090.0
1630598,Aaron Wiggins,wiggiaa01,Aaron Wiggins,OKC,OKC,2022-23,1563518.0
202713,Kyle Singler,singlky01,Kyle Singler,OKC,OKC,2022-23,999200.0
1630647,Eugene Omoruyi,omorueu01,Eugene Omoruyi,DET,OKC,2022-23,555402.0
1630218,Robert Woodard II,woodaro01,Robert Woodard,OKC,OKC,2022-23,300000.0
1630846,Olivier Sarr,sarrol01,Olivier Sarr,OKC,OKC,2022-23,
1630215,Jared Butler,butleja02,Jared Butler,OKC,OKC,2022-23,
1628371,Jonathan Isaac,isaacjo01,Jonathan Isaac,ORL,ORL,2022-23,17400000.0
1628365,Markelle Fultz,fultzma01,Markelle Fultz,ORL,ORL,2022-23,16500000.0
1628976,Wendell Carter Jr.,cartewe01,Wendell Carter,ORL,ORL,2022-23,14150000.0
203914,Gary Harris,harriga01,Gary Harris,ORL,ORL,2022-23,13000000.0
201976,Patrick Beverley,beverpa01,Patrick Beverley,CHI,ORL,2022-23,13000000.0
1631094,Paolo Banchero,banchpa01,Paolo Banchero,ORL,ORL,2022-23,11055120.0
203082,Terrence Ross,rosste01,Terrence Ross,PHX,ORL,2022-23,10581484.0
1630591,Jalen Suggs,suggsja01,Jalen Suggs,ORL,ORL,2022-23,6922320.0
1630532,Franz Wagner,wagnefr01,Franz Wagner,ORL,ORL,2022-23,5258280.0
1630175,Cole Anthony,anthoco01,Cole Anthony,ORL,ORL,2022-23,3613680.0
1629643,Chuma Okeke,okekech01,Chuma Okeke,ORL,ORL,2022-23,3433320.0
1630181,R.J. Hampton,hamptrj01,R.J. Hampton,DET,ORL,2022-23,2412840.0
1629626,Bol Bol,bolbo01,Bol Bol,ORL,ORL,2022-23,2200000.0
1631216,Caleb Houstan,houstca01,Caleb Houstan,ORL,ORL,2022-23,2000000.0
1629021,Moritz Wagner,wagnemo01,Moritz Wagner,ORL,ORL,2022-23,1878720.0
203487,Michael Carter-Williams,cartemi01,Michael Carter-Williams,ORL,ORL,2022-23,652829.0
1629048,Goga Bitadze,bitadgo01,Goga Bitadze,ORL,ORL,2022-23,612181.0
1629678,Admiral Schofield,schofad01,Admiral Schofield,ORL,ORL,2022-23,506508.0
1630284,Kevon Harris,harrike01,Kevon Harris,ORL,ORL,2022-23,
1630206,Jay Scrubb,scrubja01,Jay Scrubb,ORL,ORL,2022-23,
202699,Tobias Harris,harrito02,Tobias Harris,PHI,PHI,2022-23,37633050.0
203954,Joel Embiid,embiijo01,Joel Embiid,PHI,PHI,2022-23,33616770.0
201935,James Harden,hardeja01,James Harden,PHI,PHI,2022-23,33000000.0
200782,P.J. Tucker,tuckepj01,P.J. Tucker,PHI,PHI,2022-23,10490000.0
1629001,De'Anthony Melton,meltode01,De'Anthony Melton,PHI,PHI,2022-23,8250000.0
1627788,Furkan Korkmaz,korkmfu01,Furkan Korkmaz,PHI,PHI,2022-23,5000000.0
1627863,Danuel House Jr.,houseda01,Danuel House,PHI,PHI,2022-23,4105000.0
1627777,Georges Niang,niangge01,Georges Niang,PHI,PHI,2022-23,3465000.0
1630178,Tyrese Maxey,maxeyty01,Tyrese Maxey,PHI,PHI,2022-23,2726880.0
1626149,Montrezl Harrell,harremo01,Montrezl Harrell,PHI,PHI,2022-23,2463490.0
1630531,Jaden Springer,sprinja01,Jaden Springer,PHI,PHI,2022-23,2125200.0
1629003,Shake Milton,miltosh01,Shake Milton,PHI,PHI,2022-23,1997718.0
1629667,Jalen McDaniels,mcdanja01,Jalen McDaniels,PHI,PHI,2022-23,1930681.0
1630194,Paul Reed,reedpa01,Paul Reed,PHI,PHI,2022-23,1782621.0
203473,Dewayne Dedmon,dedmode01,Dewayne Dedmon,PHI,PHI,2022-23,580373.0
1630243,Trevelin Queen,queentr01,Trevelin Queen,IND,PHI,2022-23,330000.0
1629646,Charles Bassey,bassech01,Charles Bassey,SAS,PHI,2022-23,74742.0
1630701,Michael Foster Jr.,fostemi02,Michael Foster,PHI,PHI,2022-23,
1630240,Saben Lee,leesa01,Saben Lee,PHX,PHI,2022-23,
1629663,Louis King,kinglo02,Louis King,PHI,PHI,2022-23,
1630644,Mac McClung,mccluma01,Mac McClung,PHI,PHI,2022-23,
201142,Kevin Durant,duranke01,Kevin Durant,PHX,PHO,2022-23,44119845.0
1626164,Devin Booker,bookede01,Devin Booker,PHX,PHO,2022-23,33833400.0
1629028,Deandre Ayton,aytonde01,Deandre Ayton,PHX,PHO,2022-23,30913750.0
101108,Chris Paul,paulch01,Chris Paul,PHX,PHO,2022-23,28400000.0
1629013,Landry Shamet,shamela01,Landry Shamet,PHX,PHO,2022-23,9500000.0
1626166,Cameron Payne,payneca01,Cameron Payne,PHX,PHO,2022-23,6000000.0
1628470,Torrey Craig,craigto01,Torrey Craig,PHX,PHO,2022-23,5121951.0
1629647,Darius Bazley,bazleda01,Darius Bazley,PHX,PHO,2022-23,4264629.0
202687,Bismack Biyombo,biyombi01,Bismack Biyombo,PHX,PHO,2022-23,1836090.0
203933,T.J. Warren,warretj01,T.J. Warren,PHX,PHO,2022-23,1836090.0
1629006,Josh Okogie,okogijo01,Josh Okogie,PHX,PHO,2022-23,1836090.0
1627814,Damion Lee,leeda03,Damion Lee,PHX,PHO,2022-23,1836090.0
1629111,Jock Landale,landajo01,Jock Landale,PHX,PHO,2022-23,1563518.0
203082,Terrence Ross,rosste01,Terrence Ross,PHX,PHO,2022-23,580373.0
1630688,Ish Wainright,wainris01,Ish Wainright,PHX,PHO,2022-23,474851.0
1630240,Saben Lee,leesa01,Saben Lee,PHX,PHO,2022-23,105522.0
1630613,Duane Washington Jr.,washidu02,Duane Washington,NYK,PHO,2022-23,
203081,Damian Lillard,lillada01,Damian Lillard,POR,POR,2022-23,42492492.0
1629014,Anfernee Simons,simonan01,Anfernee Simons,POR,POR,2022-23,22321429.0
203924,Jerami Grant,grantje01,Jerami Grant,POR,POR,2022-23,20955000.0
203994,Jusuf Nurkić,nurkiju01,Jusuf NurkiÄ,POR,POR,2022-23,15625000.0
1631101,Shaedon Sharpe,sharpsh01,Shaedon Sharpe,POR,POR,2022-23,6012960.0
1629629,Cam Reddish,reddica01,Cam Reddish,POR,POR,2022-23,5954454.0
1629680,Matisse Thybulle,thybuma01,Matisse Thybulle,POR,POR,2022-23,4379527.0
1629642,Nassir Little,littlna01,Nassir Little,POR,POR,2022-23,4171548.0
1626159,Justise Winslow,winslju01,Justise Winslow,POR,POR,2022-23,4097561.0
1628995,Kevin Knox II,knoxke01,Kevin Knox,POR,POR,2022-23,3000000.0
203094,Andrew Nicholson,nichoan01,Andrew Nicholson,POR,POR,2022-23,2844430.0
1630553,Keon Johnson,johnske07,Keon Johnson,POR,POR,2022-23,2681040.0
1627853,Ryan Arcidiacono,arcidry01,Ryan Arcidiacono,POR,POR,2022-23,1836090.0
1629234,Drew Eubanks,eubandr01,Drew Eubanks,POR,POR,2022-23,1836090.0
1630535,Greg Brown III,browngr01,Greg Brown,POR,POR,2022-23,1563518.0
1630570,Trendon Watford,watfotr01,Trendon Watford,POR,POR,2022-23,1563518.0
202339,Eric Bledsoe,bledser01,Eric Bledsoe,POR,POR,2022-23,1300000.0
1631133,Jabari Walker,walkeja01,Jabari Walker,POR,POR,2022-23,1017781.0
1629712,Didi Louzada,louzama01,Marcos Louzada Silva,POR,POR,2022-23,268032.0
1627885,Shaquille Harrison,harrish01,Shaquille Harrison,LAL,POR,2022-23,105522.0
1630219,Skylar Mays,mayssk01,Skylar Mays,POR,POR,2022-23,105522.0
1631466,Nate Williams,willije02,Jeenathan Williams,POR,POR,2022-23,52644.0
1631303,Justin Minaya,minayju01,Justin Minaya,POR,POR,2022-23,35096.0
1628435,Chance Comanche,comanch01,Chance Comanche,POR,POR,2022-23,5849.0
1630846,Olivier Sarr,sarrol01,Olivier Sarr,OKC,POR,2022-23,
1631219,John Butler Jr.,butlejo01,John Butler,POR,POR,2022-23,
1630641,Ibou Badji,badjiib01,Ibou Badji,POR,POR,2022-23,
1628368,De'Aaron Fox,foxde01,De'Aaron Fox,SAC,SAC,2022-23,30351780.0
1627734,Domantas Sabonis,sabondo01,Domantas Sabonis,SAC,SAC,2022-23,18500000.0
203084,Harrison Barnes,barneha02,Harrison Barnes,SAC,SAC,2022-23,18352273.0
1628989,Kevin Huerter,huertke01,Kevin Huerter,SAC,SAC,2022-23,14508929.0
1626158,Richaun Holmes,holmeri01,Richaun Holmes,SAC,SAC,2022-23,11215260.0
1628370,Malik Monk,monkma01,Malik Monk,SAC,SAC,2022-23,9472219.0
1631099,Keegan Murray,murrake02,Keegan Murray,SAC,SAC,2022-23,8008440.0
1630558,Davion Mitchell,mitchda01,Davion Mitchell,SAC,SAC,2022-23,4833600.0
1629056,Terence Davis,daviste02,Terence Davis,SAC,SAC,2022-23,4000000.0
203458,Alex Len,lenal01,Alex Len,SAC,SAC,2022-23,3918600.0
1626168,Trey Lyles,lylestr01,Trey Lyles,SAC,SAC,2022-23,2625000.0
1629002,Chimezie Metu,metuch01,Chimezie Metu,SAC,SAC,2022-23,1910860.0
1629644,KZ Okpala,okpalkz01,KZ Okpala,SAC,SAC,2022-23,1902133.0
203521,Matthew Dellavedova,dellama01,Matthew Dellavedova,SAC,SAC,2022-23,1836090.0
1630556,Kessler Edwards,edwarke02,Kessler Edwards,SAC,SAC,2022-23,1637966.0
1628408,PJ Dozier,doziepj01,PJ Dozier,SAC,SAC,2022-23,539450.0
1631320,Chima Moneke,monekch01,Chima Moneke,SAC,SAC,2022-23,500000.0
1630241,Sam Merrill,merrisa01,Sam Merrill,CLE,SAC,2022-23,150000.0
1629126,Deonte Burton,burtode02,Deonte Burton,SAC,SAC,2022-23,105522.0
,未知,stewadj01,DJ Steward,SAC,SAC,2022-23,50000.0
1631165,Keon Ellis,elliske01,Keon Ellis,SAC,SAC,2022-23,
1629674,Neemias Queta,quetane01,Neemias Queta,SAC,SAC,2022-23,
203926,Doug McDermott,mcderdo01,Doug McDermott,SAS,SAS,2022-23,13750000.0
201568,Danilo Gallinari,gallida01,Danilo Gallinari,SAS,SAS,2022-23,13000000.0
1628984,Devonte' Graham,grahade01,Devonte' Graham,SAS,SAS,2022-23,11550000.0
1628380,Zach Collins,colliza01,Zach Collins,SAS,SAS,2022-23,7350000.0
203920,Khem Birch,birchkh01,Khem Birch,SAS,SAS,2022-23,6667500.0
1629641,Romeo Langford,langfro01,Romeo Langford,SAS,SAS,2022-23,5634257.0
1631110,Jeremy Sochan,sochaje01,Jeremy Sochan,SAS,SAS,2022-23,5063520.0
203473,Dewayne Dedmon,dedmode01,Dewayne Dedmon,PHI,SAS,2022-23,4700000.0
1630170,Devin Vassell,vassede01,Devin Vassell,SAS,SAS,2022-23,4437000.0
1630563,Joshua Primo,primojo01,Joshua Primo,SAS,SAS,2022-23,4144320.0
1629640,Keldon Johnson,johnske04,Keldon Johnson,SAS,SAS,2022-23,3873025.0
1631103,Malaki Branham,branhma01,Malaki Branham,SAS,SAS,2022-23,2925600.0
1629646,Charles Bassey,bassech01,Charles Bassey,SAS,SAS,2022-23,2600000.0
1631104,Blake Wesley,weslebl01,Blake Wesley,SAS,SAS,2022-23,2385480.0
1630580,Joe Wieskamp,wieskjo01,Joe Wieskamp,TOR,SAS,2022-23,2175000.0
1629676,Isaiah Roby,robyis01,Isaiah Roby,NYK,SAS,2022-23,1930681.0
1628966,Keita Bates-Diop,bateske01,Keita Bates-Diop,SAS,SAS,2022-23,1878720.0
203476,Gorgui Dieng,dienggo01,Gorgui Dieng,SAS,SAS,2022-23,1836090.0
1630200,Tre Jones,jonestr01,Tre Jones,SAS,SAS,2022-23,1782621.0
1626169,Stanley Johnson,johnsst04,Stanley Johnson,SAS,SAS,2022-23,1245164.0
203943,Noah Vonleh,vonleno01,Noah Vonleh,BOS,SAS,2022-23,1160955.0
1630572,Sandro Mamukelashvili,mamuksa01,Sandro Mamukelashvili,SAS,SAS,2022-23,357717.0
1628993,Alize Johnson,johnsal02,Alize Johnson,SAS,SAS,2022-23,192293.0
1631160,Jordan Hall,halljo02,Jordan Hall,SAS,SAS,2022-23,175479.0
1631230,Dominick Barlow,barlodo01,Dominick Barlow,SAS,SAS,2022-23,
1630577,Julian Champagnie,champju02,Julian Champagnie,SAS,SAS,2022-23,
1627783,Pascal Siakam,siakapa01,Pascal Siakam,TOR,TOR,2022-23,35448672.0
1627832,Fred VanVleet,vanvlfr01,Fred VanVleet,TOR,TOR,2022-23,21250000.0
1629018,Gary Trent Jr.,trentga02,Gary Trent,TOR,TOR,2022-23,17505000.0
1628384,OG Anunoby,anunoog01,OG Anunoby,TOR,TOR,2022-23,17357143.0
1628449,Chris Boucher,bouchch01,Chris Boucher,TOR,TOR,2022-23,12690000.0
1627751,Jakob Poeltl,poeltja01,Jakob Poeltl,TOR,TOR,2022-23,9398148.0
201152,Thaddeus Young,youngth01,Thaddeus Young,TOR,TOR,2022-23,8000000.0
1630567,Scottie Barnes,barnesc01,Scottie Barnes,TOR,TOR,2022-23,7644600.0
203490,Otto Porter Jr.,porteot01,Otto Porter,TOR,TOR,2022-23,6000000.0
1630173,Precious Achiuwa,achiupr01,Precious Achiuwa,TOR,TOR,2022-23,2840160.0
1630201,Malachi Flynn,flynnma01,Malachi Flynn,TOR,TOR,2022-23,2145720.0
1629004,Svi Mykhailiuk,mykhasv01,Svi Mykhailiuk,CHA,TOR,2022-23,1878720.0
1627823,Juancho Hernangomez,hernaju01,Juancho HernangÃ³mez,TOR,TOR,2022-23,1836090.0
1630625,Dalano Banton,bantoda01,Dalano Banton,TOR,TOR,2022-23,1563518.0
1631132,Christian Koloko,kolokch01,Christian Koloko,TOR,TOR,2022-23,1500000.0
1630551,Justin Champagnie,champju01,Justin Champagnie,BOS,TOR,2022-23,825000.0
1630580,Joe Wieskamp,wieskjo01,Joe Wieskamp,TOR,TOR,2022-23,545989.0
203115,Will Barton,bartowi01,Will Barton,TOR,TOR,2022-23,432642.0
1628391,D.J. Wilson,wilsodj01,D.J. Wilson,TOR,TOR,2022-23,250000.0
1630688,Ish Wainright,wainris01,Ish Wainright,PHX,TOR,2022-23,125000.0
1629717,Armoni Brooks,brookar01,Armoni Brooks,TOR,TOR,2022-23,50000.0
1630240,Saben Lee,leesa01,Saben Lee,PHX,TOR,2022-23,10492.0
1630288,Jeff Dowtin Jr.,dowtije01,Jeff Dowtin,TOR,TOR,2022-23,
1631199,Ron Harper Jr.,harpero02,Ron Harper,TOR,TOR,2022-23,
201566,Russell Westbrook,westbru01,Russell Westbrook,LAC,UTA,2022-23,46295265.0
1629012,Collin Sexton,sextoco01,Collin Sexton,UTA,UTA,2022-23,16500000.0
1628374,Lauri Markkanen,markkla01,Lauri Markkanen,UTA,UTA,2022-23,16475454.0
203903,Jordan Clarkson,clarkjo01,Jordan Clarkson,UTA,UTA,2022-23,13340000.0
203482,Kelly Olynyk,olynyke01,Kelly Olynyk,UTA,UTA,2022-23,12804878.0
1629659,Talen Horton-Tucker,hortota01,Talen Horton-Tucker,UTA,UTA,2022-23,10260000.0
200752,Rudy Gay,gayru01,Rudy Gay,UTA,UTA,2022-23,6184500.0
1630534,Ochai Agbaji,agbajoc01,Ochai Agbaji,UTA,UTA,2022-23,3918360.0
1631323,Simone Fontecchio,fontesi01,Simone Fontecchio,UTA,UTA,2022-23,3205128.0
1631117,Walker Kessler,kesslwa01,Walker Kessler,UTA,UTA,2022-23,2696400.0
1630195,Leandro Bolmaro,bolmale01,Leandro Bolmaro,UTA,UTA,2022-23,2471160.0
1626169,Stanley Johnson,johnsst04,Stanley Johnson,SAS,UTA,2022-23,2351521.0
1627745,Damian Jones,jonesda03,Damian Jones,UTA,UTA,2022-23,2298385.0
1628962,Udoka Azubuike,azubuud01,Udoka Azubuike,UTA,UTA,2022-23,2174880.0
1629308,Juan Toscano-Anderson,toscaju01,Juan Toscano-Anderson,UTA,UTA,2022-23,1836090.0
1630240,Saben Lee,leesa01,Saben Lee,PHX,UTA,2022-23,1752638.0
1630215,Jared Butler,butleja02,Jared Butler,OKC,UTA,2022-23,1563518.0
1627739,Kris Dunn,dunnkr01,Kris Dunn,UTA,UTA,2022-23,735819.0
1629677,Luka Samanic,samanlu01,Luka Å amaniÄ,UTA,UTA,2022-23,432795.0
1628402,Frank Jackson,jacksfr01,Frank Jackson,UTA,UTA,2022-23,105522.0
1629714,Jarrell Brantley,brantja01,Jarrell Brantley,UTA,UTA,2022-23,105522.0
1630176,Vernon Carey Jr.,careyve01,Vernon Carey,UTA,UTA,2022-23,100000.0
1630548,Johnny Juzang,juzanjo01,Johnny Juzang,UTA,UTA,2022-23,
1630695,Micah Potter,pottemi01,Micah Potter,UTA,UTA,2022-23,
203078,Bradley Beal,bealbr01,Bradley Beal,WAS,WAS,2022-23,43279250.0
204001,Kristaps Porziņģis,porzikr01,Kristaps PorziÅÄ£is,WAS,WAS,2022-23,33833400.0
203115,Will Barton,bartowi01,Will Barton,TOR,WAS,2022-23,14375000.0
1628398,Kyle Kuzma,kuzmaky01,Kyle Kuzma,WAS,WAS,2022-23,13000000.0
1628420,Monté Morris,morrimo01,Monte Morris,WAS,WAS,2022-23,9125000.0
1626153,Delon Wright,wrighde01,Delon Wright,WAS,WAS,2022-23,7804878.0
1629134,Kendrick Nunn,nunnke01,Kendrick Nunn,WAS,WAS,2022-23,5250000.0
1630166,Deni Avdija,avdijde01,Deni Avdija,WAS,WAS,2022-23,4916160.0
1631098,Johnny Davis,davisjo06,Johnny Davis,WAS,WAS,2022-23,4810320.0
1630557,Corey Kispert,kispeco01,Corey Kispert,WAS,WAS,2022-23,3552840.0
1629655,Daniel Gafford,gaffoda01,Daniel Gafford,WAS,WAS,2022-23,1930681.0
1630264,Anthony Gill,gillan01,Anthony Gill,WAS,WAS,2022-23,1836090.0
201959,Taj Gibson,gibsota01,Taj Gibson,WAS,WAS,2022-23,1836090.0
1630176,Vernon Carey Jr.,careyve01,Vernon Carey,UTA,WAS,2022-23,1782621.0
1630225,Isaiah Todd,toddis01,Isaiah Todd,WAS,WAS,2022-23,1575000.0
1630692,Jordan Goodwin,goodwjo01,Jordan Goodwin,WAS,WAS,2022-23,900000.0
1641645,Xavier Cooks,cooksxa01,Xavier Cooks,WAS,WAS,2022-23,140384.0
1631123,Jamaree Bouyea,bouyeja01,Jamaree Bouyea,WAS,WAS,2022-23,58493.0
1630648,Jordan Schakel,schakjo01,Jordan Schakel,WAS,WAS,2022-23,
1629653,Devon Dotson,dotsode01,Devon Dotson,WAS,WAS,2022-23,
1631245,Quenton Jackson,jacksqu01,Quenton Jackson,WAS,WAS,2022-23,
1630643,Jay Huff,huffja01,Jay Huff,WAS,WAS,2022-23,
